<?xml version="1.0" encoding="utf-8" ?>
<dwsync>
<file name="AddDoctor.php" server="D:/apache-tomcat-7.0.62/webapps/medilab/" local="130851806909105990" remote="130851806900000000" Dst="-1" />
<file name="AddLab.php" server="D:/apache-tomcat-7.0.62/webapps/medilab/" local="130851350901935015" remote="130851350900000000" Dst="-1" />
<file name="AddPatient.php" server="D:/apache-tomcat-7.0.62/webapps/medilab/" local="130851790446820913" remote="130851790440000000" Dst="-1" />
<file name="contact.php" server="D:/apache-tomcat-7.0.62/webapps/medilab/" local="130844717495603559" remote="130844717490000000" Dst="-1" />
<file name="index.php" server="D:/apache-tomcat-7.0.62/webapps/medilab/" local="130852160444834622" remote="130852160440000000" Dst="-1" />
<file name="labassistant.php" server="D:/apache-tomcat-7.0.62/webapps/medilab/" local="130852103892399644" remote="130852103890000000" Dst="-1" />
<file name="logged.php" server="D:/apache-tomcat-7.0.62/webapps/medilab/" local="130851492013955068" remote="130851492010000000" Dst="-1" />
<file name="patientHome.php" server="D:/apache-tomcat-7.0.62/webapps/medilab/" local="130852103891459019" remote="130852103890000000" Dst="-1" />
<file name="patientTable.php" server="D:/apache-tomcat-7.0.62/webapps/medilab/" local="130850805020307294" remote="130850805020000000" Dst="-1" />
<file name="searchpatient.php" server="D:/apache-tomcat-7.0.62/webapps/medilab/" local="130851823440953455" remote="130851823440000000" Dst="-1" />
<file name="untitled.php" server="D:/apache-tomcat-7.0.62/webapps/medilab/" local="130852161781592104" remote="130852161780000000" Dst="-1" />
<file name="AddDoctor.php" server="C:/wamp/www" local="130853407283799319" remote="130853407280000000" Dst="-1" />
<file name="AddPatient.php" server="C:/wamp/www" local="130853398138050982" remote="130853398130000000" Dst="-1" />
<file name="AddLab.php" server="C:/wamp/www" local="130853415973333696" remote="130853415970000000" Dst="-1" />
<file name="index.php" server="C:/wamp/www" local="130880118200000000" remote="130880118200000000" Dst="0" />
<file name="untitled.php" server="C:/wamp/www" local="130853525129890167" remote="130853525120000000" Dst="-1" />
<file name="patientHome.php" server="C:/wamp/www" local="130852103891459019" remote="130852103890000000" Dst="-1" />
<file name="contact.php" server="C:/wamp/www" local="130844717495603559" remote="130844717490000000" Dst="-1" />
<file name="labassistant.php" server="C:/wamp/www" local="130852103892399644" remote="130852103890000000" Dst="-1" />
<file name="patientTable.php" server="C:/wamp/www" local="130853771189413193" remote="130853771180000000" Dst="-1" />
<file name="searchpatient.php" server="C:/wamp/www" local="130851823440953455" remote="130851823440000000" Dst="-1" />
<file name="logged.php" server="C:/wamp/www" local="130853782800456924" remote="130853782800000000" Dst="-1" />
<file name="index.php" server="C:/wamp/www/MediLab" local="130866112519305263" remote="130866112510000000" Dst="-1" />
<file name="logged.php" server="C:/wamp/www/MediLab" local="130854725640000000" remote="130854725640000000" Dst="-1" />
<file name="about.php" server="C:/wamp/www/MediLab" local="130862306427696587" remote="130862306420000000" Dst="-1" />
<file name="service.php" server="C:/wamp/www/MediLab" local="130864228299673997" remote="130864228290000000" Dst="-1" />
<file name="labassistant.php" server="C:/wamp/www/MediLab" local="130862326190221552" remote="130862326190000000" Dst="-1" />
<file name="conect.php" server="C:/wamp/www/MediLab" local="130865654694859753" remote="130865654690000000" Dst="-1" />
<file name="loggedAbout.php" server="C:/wamp/www/MediLab" local="130862331168204581" remote="130862331160000000" Dst="-1" />
<file name="loggedService.php" server="C:/wamp/www/MediLab" local="130862331317704474" remote="130862331310000000" Dst="-1" />
<file name="patientTable.php" server="C:/wamp/www/MediLab" local="130862445610000000" remote="130862445610000000" Dst="-1" />
<file name="AddLab.php" server="C:/wamp/www/MediLab" local="130865646178158853" remote="130865646170000000" Dst="-1" />
<file name="session.php" server="C:/wamp/www/MediLab" local="130859847729265473" remote="130859847720000000" Dst="-1" />
<file name="AddPatient.php" server="C:/wamp/www/MediLab" local="130865578023080135" remote="130865578020000000" Dst="-1" />
<file name="AddDoctor.php" server="C:/wamp/www/MediLab" local="130865644731629065" remote="130865644730000000" Dst="-1" />
<file name="conect.php" server="C:/wamp/www/MediLab/MediLab" local="130874671417711387" remote="130874671410000000" Dst="2" />
<file name="index.php" server="C:/wamp/www/MediLab/MediLab" local="130865662520000000" remote="130865662520000000" Dst="2" />
<file name="contact.php" server="C:/wamp/www/MediLab/MediLab" local="130855322400000000" remote="130855322400000000" Dst="2" />
<file name="AddPatient.php" server="C:/wamp/www/MediLab/MediLab" local="130874644036855662" remote="130874644030000000" Dst="2" />
<file name="AddDoctor.php" server="C:/wamp/www/MediLab/MediLab" local="130865194740000000" remote="130865194740000000" Dst="2" />
<file name="logged.php" server="C:/wamp/www/MediLab/MediLab" local="130874716575277178" remote="130874716570000000" Dst="2" />
<file name="patientTable.php" server="C:/wamp/www/MediLab/MediLab" local="130874309694342688" remote="130874309690000000" Dst="2" />
<file name="searchpatient.php" server="C:/wamp/www/MediLab/MediLab" local="130874699749024508" remote="130874699740000000" Dst="2" />
<file name="about.php" server="C:/wamp/www/MediLab/MediLab" local="130874624318856135" remote="130874624310000000" Dst="2" />
<file name="service.php" server="C:/wamp/www/MediLab/MediLab" local="130874624265210499" remote="130874624260000000" Dst="2" />
<file name="loggedAbout.php" server="C:/wamp/www/MediLab/MediLab" local="130874624700010847" remote="130874624700000000" Dst="2" />
<file name="loggedService.php" server="C:/wamp/www/MediLab/MediLab" local="130874624816000961" remote="130874624810000000" Dst="2" />
<file name="urineReport.php" server="C:/wamp/www/MediLab/MediLab" local="130875488411989866" remote="130875488410000000" Dst="2" />
<file name="labassistant.php" server="C:/wamp/www/MediLab/MediLab" local="130875485597083111" remote="130875485590000000" Dst="2" />
<file name="doctorhome.php" server="C:/wamp/www/MediLab/MediLab" local="130854201580000000" remote="130854201580000000" Dst="2" />
<file name="uploareports.php" server="C:/wamp/www/MediLab/MediLab" local="130875465657787295" remote="130875465650000000" Dst="2" />
<file name="logout.php" server="C:/wamp/www/MediLab/MediLab" local="130863552960000000" remote="130863552960000000" Dst="2" />
<file name="justified-nav.css" server="C:/wamp/www/MediLab/MediLab" local="130878590619459093" remote="130878590610000000" Dst="2" />
<file name="untitled.php" server="C:/wamp/www/MediLab/MediLab" local="130878774569053841" remote="130878774560000000" Dst="2" />
<file name="untitled1.php" server="C:/wamp/www/MediLab/MediLab/" local="130878854204002110" remote="130878854200000000" Dst="2" />
<file name="justified-nav.css" server="C:/wamp/www/MediLab/MediLab/" local="130878899565711577" remote="130878899560000000" Dst="2" />
<file name="untitled.php" server="C:/wamp/www/MediLab/MediLab/" local="130909885661461828" remote="130909885660000000" Dst="0" />
<file name="conect.php" server="C:/wamp/www/MediLab/MediLab/" local="130904881660000000" remote="130904881660000000" Dst="0" />
<file name="index.php" server="C:/wamp/www/MediLab/MediLab/" local="130904886200000000" remote="130904886200000000" Dst="0" />
<file name="AddDoctor.php" server="C:/wamp/www/MediLab/MediLab/" local="130865194740000000" remote="130865194740000000" Dst="2" />
<file name="urineReport.php" server="C:/wamp/www/MediLab/MediLab/" local="130880569071495640" remote="130880569070000000" Dst="2" />
<file name="AddPatient.php" server="C:/wamp/www/MediLab/MediLab/" local="130880341107714079" remote="130880341100000000" Dst="2" />
<file name="AddLab.php" server="C:/wamp/www/MediLab/MediLab/" local="130880565943817921" remote="130880565940000000" Dst="2" />
<file name="uploareports.php" server="C:/wamp/www/MediLab/MediLab/" local="130879782332180987" remote="130879782330000000" Dst="2" />
<file name="bloodreport.php" server="C:/wamp/www/MediLab/MediLab/" local="130909866519330505" remote="130909866510000000" Dst="0" />
<file name="patientHome.php" server="C:/wamp/www/MediLab/MediLab/" local="130880331259250701" remote="130880331250000000" Dst="2" />
<file name="labassistant.php" server="C:/wamp/www/MediLab/MediLab/" local="130875485597083111" remote="130875485590000000" Dst="2" />
<file name="passwordChange.php" server="C:/wamp/www/MediLab/MediLab/" local="130880552636257743" remote="130880552630000000" Dst="2" />
<file name="logout.php" server="C:/wamp/www/MediLab/MediLab/" local="130863552960000000" remote="130863552960000000" Dst="2" />
<file name="loggedAbout.php" server="C:/wamp/www/MediLab/MediLab/" local="130874624700010847" remote="130874624700000000" Dst="2" />
</dwsync>