<?xml version="1.0" encoding="utf-8" ?>
<dwsync>
<file name="validation.js" server="C:/Users/ISURU SANDAMAL/Desktop/Sample site/" local="130820321566677312" remote="130820321560000000" Dst="-1" />
<file name="code.js" server="D:/apache-tomcat-7.0.62/webapps/medilab/" local="130844802660000000" remote="130844802660000000" Dst="-1" />
<file name="docValidation.js" server="D:/apache-tomcat-7.0.62/webapps/medilab/" local="130851815768405556" remote="130851815760000000" Dst="-1" />
<file name="jquery-1.11.3.min.js" server="D:/apache-tomcat-7.0.62/webapps/medilab/" local="130836496940000000" remote="130836496940000000" Dst="-1" />
<file name="labValidation.js" server="D:/apache-tomcat-7.0.62/webapps/medilab/" local="130851305589013795" remote="130851305580000000" Dst="-1" />
<file name="npm.js" server="D:/apache-tomcat-7.0.62/webapps/medilab/" local="130789249700000000" remote="130789249700000000" Dst="-1" />
<file name="searchP.js" server="D:/apache-tomcat-7.0.62/webapps/medilab/" local="130851824986424488" remote="130851824980000000" Dst="-1" />
<file name="validation.js" server="D:/apache-tomcat-7.0.62/webapps/medilab/" local="130851786274883938" remote="130851786270000000" Dst="-1" />
<file name="docValidation.js" server="C:/wamp/www" local="130853393032407783" remote="130853393030000000" Dst="-1" />
<file name="validation.js" server="C:/wamp/www" local="130851786274883938" remote="130851786270000000" Dst="-1" />
<file name="labValidation.js" server="C:/wamp/www" local="130853416314974902" remote="130853416310000000" Dst="-1" />
<file name="jquery-1.11.3.min.js" server="C:/wamp/www" local="130836496940000000" remote="130836496940000000" Dst="-1" />
<file name="searchP.js" server="C:/wamp/www" local="130851824986424488" remote="130851824980000000" Dst="-1" />
<file name="code.js" server="C:/wamp/www" local="130844802660000000" remote="130844802660000000" Dst="-1" />
<file name="conect.js" server="C:/wamp/www/MediLab/MediLab" local="130865711160000000" remote="130865711160000000" Dst="2" />
<file name="validation.js" server="C:/wamp/www/MediLab/MediLab" local="130864517780000000" remote="130864517780000000" Dst="2" />
<file name="docValidation.js" server="C:/wamp/www/MediLab/MediLab" local="130863830980000000" remote="130863830980000000" Dst="2" />
<file name="jquery-1.11.3.min.js" server="C:/wamp/www/MediLab/MediLab" local="130836496940000000" remote="130836496940000000" Dst="2" />
<file name="searchP.js" server="C:/wamp/www/MediLab/MediLab" local="130874654023321930" remote="130874654020000000" Dst="2" />
<file name="code.js" server="C:/wamp/www/MediLab/MediLab" local="130844802660000000" remote="130844802660000000" Dst="2" />
<file name="d3.v3.min.js" server="C:/wamp/www/MediLab/MediLab" local="130878535926092540" remote="130878535920000000" Dst="2" />
<file name="d3.v3.min.js" server="C:/wamp/www/MediLab/MediLab/" local="130878535926092540" remote="130878535920000000" Dst="2" />
<file name="conect.js" server="C:/wamp/www/MediLab/MediLab/" local="130865261160000000" remote="130865261160000000" Dst="0" />
<file name="docValidation.js" server="C:/wamp/www/MediLab/MediLab/" local="130863830980000000" remote="130863830980000000" Dst="2" />
<file name="validation.js" server="C:/wamp/www/MediLab/MediLab/" local="130864517780000000" remote="130864517780000000" Dst="2" />
<file name="labValidation.js" server="C:/wamp/www/MediLab/MediLab/" local="130863833260000000" remote="130863833260000000" Dst="2" />
<file name="jquery-1.11.3.min.js" server="C:/wamp/www/MediLab/MediLab/" local="130836496940000000" remote="130836496940000000" Dst="2" />
<file name="code.js" server="C:/wamp/www/MediLab/MediLab/" local="130844802660000000" remote="130844802660000000" Dst="2" />
<file name="blood.js" server="C:/wamp/www/MediLab/MediLab/" local="130909698477573916" remote="130909698470000000" Dst="0" />
</dwsync>