<?xml version="1.0" encoding="utf-8" ?>
<dwsync>
<file name="bullet.png" server="C:/wamp/www/MediLab/MediLab/" local="130904115040000000" remote="130904115040000000" Dst="0" />
<file name="arrows.png" server="C:/wamp/www/MediLab/MediLab/" local="130904115040000000" remote="130904115040000000" Dst="0" />
<file name="play.png" server="C:/wamp/www/MediLab/MediLab/" local="130904115040000000" remote="130904115040000000" Dst="0" />
<file name="bg.png" server="C:/wamp/www/MediLab/MediLab/" local="130904115040000000" remote="130904115040000000" Dst="0" />
<file name="style.css" server="C:/wamp/www/MediLab/MediLab/" local="130904115040000000" remote="130904115040000000" Dst="0" />
<file name="jquery.js" server="C:/wamp/www/MediLab/MediLab/" local="130904115040000000" remote="130904115040000000" Dst="0" />
<file name="wowslider.js" server="C:/wamp/www/MediLab/MediLab/" local="130904115040000000" remote="130904115040000000" Dst="0" />
<file name="script.js" server="C:/wamp/www/MediLab/MediLab/" local="130904115040000000" remote="130904115040000000" Dst="0" />
</dwsync>