<?xml version="1.0" encoding="utf-8" ?>
<dwsync>
<file name="style.css" server="C:/Users/ISURU SANDAMAL/Desktop/Sample site/" local="130783818301209487" remote="130783818300000000" Dst="-1" />
<file name="reset.css" server="C:/Users/ISURU SANDAMAL/Desktop/Sample site/" local="130555826880000000" remote="130555826880000000" Dst="-1" />
<file name="text.css" server="C:/Users/ISURU SANDAMAL/Desktop/Sample site/" local="130555826880000000" remote="130555826880000000" Dst="-1" />
<file name="960_12_col.css" server="C:/Users/ISURU SANDAMAL/Desktop/Sample site/" local="130555826880000000" remote="130555826880000000" Dst="-1" />
<file name="about.css" server="C:/Users/ISURU SANDAMAL/Desktop/Sample site/" local="130783912275186991" remote="130783912270000000" Dst="-1" />
<file name="patientReport.html" server="C:/wamp/www/MediLab" local="130849983200000000" remote="130849983200000000" Dst="-1" />
<file name="960_12_col.css" server="D:/apache-tomcat-7.0.62/webapps/medilab/" local="130555826880000000" remote="130555826880000000" Dst="-1" />
<file name="about.css" server="D:/apache-tomcat-7.0.62/webapps/medilab/" local="130829770884507134" remote="130829770880000000" Dst="-1" />
<file name="addpatient.css" server="D:/apache-tomcat-7.0.62/webapps/medilab/" local="130843925184396720" remote="130843925180000000" Dst="-1" />
<file name="labassistant.css" server="D:/apache-tomcat-7.0.62/webapps/medilab/" local="130849991380000000" remote="130849991380000000" Dst="-1" />
<file name="patientreport.css" server="D:/apache-tomcat-7.0.62/webapps/medilab/" local="130849992260000000" remote="130849992260000000" Dst="-1" />
<file name="patientReport.html" server="D:/apache-tomcat-7.0.62/webapps/medilab/" local="130849983200000000" remote="130849983200000000" Dst="-1" />
<file name="reset.css" server="D:/apache-tomcat-7.0.62/webapps/medilab/" local="130555826880000000" remote="130555826880000000" Dst="-1" />
<file name="searchpatient.css" server="D:/apache-tomcat-7.0.62/webapps/medilab/" local="130850807785285554" remote="130850807780000000" Dst="-1" />
<file name="style.css" server="D:/apache-tomcat-7.0.62/webapps/medilab/" local="130851655541566296" remote="130851655540000000" Dst="-1" />
<file name="text.css" server="D:/apache-tomcat-7.0.62/webapps/medilab/" local="130555826880000000" remote="130555826880000000" Dst="-1" />
<file name="addpatient.css" server="C:/wamp/www" local="130843925184396720" remote="130843925180000000" Dst="-1" />
<file name="reset.css" server="C:/wamp/www" local="130555826880000000" remote="130555826880000000" Dst="-1" />
<file name="text.css" server="C:/wamp/www" local="130555826880000000" remote="130555826880000000" Dst="-1" />
<file name="960_12_col.css" server="C:/wamp/www" local="130555826880000000" remote="130555826880000000" Dst="-1" />
<file name="style.css" server="C:/wamp/www" local="130853781661732680" remote="130853781660000000" Dst="-1" />
<file name="searchpatient.css" server="C:/wamp/www" local="130850807785285554" remote="130850807780000000" Dst="-1" />
<file name="labassistant.css" server="C:/wamp/www" local="130849991380000000" remote="130849991380000000" Dst="-1" />
<file name="patientreport.css" server="C:/wamp/www" local="130849992260000000" remote="130849992260000000" Dst="-1" />
<file name="style.css" server="C:/wamp/www/MediLab/MediLab" local="130874633410000000" remote="130874633410000000" Dst="2" />
<file name="reset.css" server="C:/wamp/www/MediLab/MediLab" local="130874255833773134" remote="130874255830000000" Dst="2" />
<file name="text.css" server="C:/wamp/www/MediLab/MediLab" local="130555826880000000" remote="130555826880000000" Dst="2" />
<file name="960_12_col.css" server="C:/wamp/www/MediLab/MediLab" local="130555826880000000" remote="130555826880000000" Dst="2" />
<file name="addpatient.css" server="C:/wamp/www/MediLab/MediLab" local="130874733180047657" remote="130874733180000000" Dst="2" />
<file name="searchpatient.css" server="C:/wamp/www/MediLab/MediLab" local="130874699147633824" remote="130874699140000000" Dst="2" />
<file name="about.css" server="C:/wamp/www/MediLab/MediLab" local="130874628747815878" remote="130874628740000000" Dst="2" />
<file name="service.css" server="C:/wamp/www/MediLab/MediLab" local="130853827300000000" remote="130853827300000000" Dst="2" />
<file name="urine.css" server="C:/wamp/www/MediLab/MediLab" local="130874654080000000" remote="130874654080000000" Dst="2" />
<file name="labassistant.css" server="C:/wamp/www/MediLab/MediLab" local="130854196180000000" remote="130854196180000000" Dst="2" />
<file name="doctorhome.css" server="C:/wamp/www/MediLab/MediLab" local="130853996480000000" remote="130853996480000000" Dst="2" />
<file name="uploadhome.css" server="C:/wamp/www/MediLab/MediLab" local="130874826640000000" remote="130874826640000000" Dst="2" />
<file name="style.css" server="C:/wamp/www/MediLab/MediLab/" local="130904978940000000" remote="130904978940000000" Dst="0" />
<file name="reset.css" server="C:/wamp/www/MediLab/MediLab/" local="130873805820000000" remote="130873805820000000" Dst="0" />
<file name="text.css" server="C:/wamp/www/MediLab/MediLab/" local="130555376880000000" remote="130555376880000000" Dst="0" />
<file name="960_12_col.css" server="C:/wamp/www/MediLab/MediLab/" local="130555376880000000" remote="130555376880000000" Dst="0" />
<file name="addpatient.css" server="C:/wamp/www/MediLab/MediLab/" local="130910149960000000" remote="130910149960000000" Dst="0" />
<file name="urine.css" server="C:/wamp/www/MediLab/MediLab/" local="130874204080000000" remote="130874204080000000" Dst="0" />
<file name="bloodreport.css" server="C:/wamp/www/MediLab/MediLab/" local="130908593600000000" remote="130908593600000000" Dst="0" />
<file name="uploadhome.css" server="C:/wamp/www/MediLab/MediLab/" local="130874826640000000" remote="130874826640000000" Dst="2" />
<file name="labassistant.css" server="C:/wamp/www/MediLab/MediLab/" local="130880213452248274" remote="130880213450000000" Dst="2" />
<file name="pchange.css" server="C:/wamp/www/MediLab/MediLab/" local="130880330414147485" remote="130880330410000000" Dst="2" />
<file name="about.css" server="C:/wamp/www/MediLab/MediLab/" local="130874628747815878" remote="130874628740000000" Dst="2" />
</dwsync>