<?xml version="1.0" encoding="utf-8" ?>
<dwsync>
<file name="readData.php" server="C:/Users/ISURU SANDAMAL/Desktop/Sample site/" local="130820326386651583" remote="130820326380000000" Dst="-1" />
<file name="readData.php" server="C:/wamp/www/isuru/" local="130831459833692870" remote="130831459830000000" Dst="-1" />
<file name="readData.php" server="C:/wamp/www/MediLab" local="130865561626054013" remote="130865561620000000" Dst="-1" />
<file name="saveData.php" server="C:/wamp/www/MediLab" local="130865655130088504" remote="130865655130000000" Dst="-1" />
<file name="labRead.php" server="D:/apache-tomcat-7.0.62/webapps/medilab/" local="130851490263872895" remote="130851490260000000" Dst="-1" />
<file name="readData.php" server="D:/apache-tomcat-7.0.62/webapps/medilab/" local="130851759044528238" remote="130851759040000000" Dst="-1" />
<file name="saveData.php" server="D:/apache-tomcat-7.0.62/webapps/medilab/" local="130851490536839016" remote="130851490530000000" Dst="-1" />
<file name="saveData.php" server="C:/wamp/www" local="130853401693277099" remote="130853401690000000" Dst="-1" />
<file name="readData.php" server="C:/wamp/www" local="130853388333227085" remote="130853388330000000" Dst="-1" />
<file name="labRead.php" server="C:/wamp/www" local="130853415300322381" remote="130853415300000000" Dst="-1" />
<file name="readData.php" server="C:/wamp/www/MediLab/MediLab" local="130865206180000000" remote="130865206180000000" Dst="2" />
<file name="saveData.php" server="C:/wamp/www/MediLab/MediLab" local="130865206260000000" remote="130865206260000000" Dst="2" />
<file name="urine.php" server="C:/wamp/www/MediLab/MediLab" local="130875483487366957" remote="130875483480000000" Dst="2" />
<file name="blood.php" server="C:/wamp/www/MediLab/MediLab/" local="130880708913360003" remote="130880708910000000" Dst="2" />
<file name="urine.php" server="C:/wamp/www/MediLab/MediLab/" local="130880709188182548" remote="130880709180000000" Dst="2" />
<file name="saveData.php" server="C:/wamp/www/MediLab/MediLab/" local="130879744086820250" remote="130879744080000000" Dst="2" />
<file name="urineData.php" server="C:/wamp/www/MediLab/MediLab/" local="130880569354733847" remote="130880569350000000" Dst="2" />
<file name="readData.php" server="C:/wamp/www/MediLab/MediLab/" local="130879744032033804" remote="130879744030000000" Dst="2" />
<file name="labRead.php" server="C:/wamp/www/MediLab/MediLab/" local="130879743580993725" remote="130879743580000000" Dst="2" />
<file name="bloodData.php" server="C:/wamp/www/MediLab/MediLab/" local="130910136100000000" remote="130910136100000000" Dst="0" />
<file name="passChange.php" server="C:/wamp/www/MediLab/MediLab/" local="130880681577941066" remote="130880681570000000" Dst="2" />
</dwsync>