<?xml version="1.0" encoding="utf-8" ?>
<dwsync>
<file name="signbac.jpg" server="C:/Users/ISURU SANDAMAL/Desktop/Sample site/" local="130783150220000000" remote="130783150220000000" Dst="-1" />
<file name="1.jpg" server="D:/apache-tomcat-7.0.62/webapps/medilab/" local="130782302920000000" remote="130782302920000000" Dst="0" />
<file name="2.jpg" server="D:/apache-tomcat-7.0.62/webapps/medilab/" local="130782304400000000" remote="130782304400000000" Dst="0" />
<file name="3.jpg" server="D:/apache-tomcat-7.0.62/webapps/medilab/" local="130782304900000000" remote="130782304900000000" Dst="0" />
<file name="4.jpg" server="D:/apache-tomcat-7.0.62/webapps/medilab/" local="130782302060000000" remote="130782302060000000" Dst="0" />
<file name="5.jpg" server="D:/apache-tomcat-7.0.62/webapps/medilab/" local="130782305560000000" remote="130782305560000000" Dst="0" />
<file name="bac.jpg" server="D:/apache-tomcat-7.0.62/webapps/medilab/" local="130839231620000000" remote="130839231620000000" Dst="0" />
<file name="glyphicons-halflings-white.png" server="D:/apache-tomcat-7.0.62/webapps/medilab/" local="130193364460000000" remote="130193364460000000" Dst="0" />
<file name="glyphicons-halflings.png" server="D:/apache-tomcat-7.0.62/webapps/medilab/" local="130193364460000000" remote="130193364460000000" Dst="0" />
<file name="lab.jpg" server="D:/apache-tomcat-7.0.62/webapps/medilab/" local="130781617880000000" remote="130781617880000000" Dst="0" />
<file name="lab1.jpg" server="D:/apache-tomcat-7.0.62/webapps/medilab/" local="130781616080000000" remote="130781616080000000" Dst="0" />
<file name="LabMargin.png" server="D:/apache-tomcat-7.0.62/webapps/medilab/" local="130837880540000000" remote="130837880540000000" Dst="0" />
<file name="logo.jpg" server="D:/apache-tomcat-7.0.62/webapps/medilab/" local="130837892380000000" remote="130837892380000000" Dst="0" />
<file name="logo1.jpg" server="D:/apache-tomcat-7.0.62/webapps/medilab/" local="130837896580000000" remote="130837896580000000" Dst="0" />
<file name="signbac.jpg" server="D:/apache-tomcat-7.0.62/webapps/medilab/" local="130783150220000000" remote="130783150220000000" Dst="0" />
<file name="x-sign-in-3d-1135124-m.jpg" server="D:/apache-tomcat-7.0.62/webapps/medilab/" local="130844376598169873" remote="130844376590000000" Dst="0" />
<file name="logo.jpg" server="C:/wamp/www" local="130837892380000000" remote="130837892380000000" Dst="0" />
<file name="signbac.jpg" server="C:/wamp/www" local="130783150220000000" remote="130783150220000000" Dst="0" />
<file name="logo1.jpg" server="C:/wamp/www" local="130837896580000000" remote="130837896580000000" Dst="0" />
<file name="bac.jpg" server="C:/wamp/www" local="130839231620000000" remote="130839231620000000" Dst="0" />
<file name="glyphicons-halflings.png" server="C:/wamp/www" local="130193364460000000" remote="130193364460000000" Dst="0" />
<file name="glyphicons-halflings-white.png" server="C:/wamp/www" local="130193364460000000" remote="130193364460000000" Dst="0" />
<file name="signbac.jpg" server="C:/wamp/www/MediLab/MediLab" local="130783150200000000" remote="130783150200000000" Dst="2" />
<file name="glyphicons-halflings.png" server="C:/wamp/www/MediLab/MediLab" local="130193364460000000" remote="130193364460000000" Dst="2" />
<file name="glyphicons-halflings-white.png" server="C:/wamp/www/MediLab/MediLab" local="130193364460000000" remote="130193364460000000" Dst="2" />
<file name="logo.jpg" server="C:/wamp/www/MediLab/MediLab" local="130837892360000000" remote="130837892360000000" Dst="2" />
<file name="2.jpg" server="C:/wamp/www/MediLab/MediLab" local="130782304380000000" remote="130782304380000000" Dst="2" />
<file name="banner.png" server="C:/wamp/www/MediLab/MediLab" local="130853286700000000" remote="130853286700000000" Dst="2" />
<file name="logo1.jpg" server="C:/wamp/www/MediLab/MediLab" local="130837896560000000" remote="130837896560000000" Dst="2" />
<file name="bac.jpg" server="C:/wamp/www/MediLab/MediLab" local="130839231600000000" remote="130839231600000000" Dst="2" />
<file name="laba1.png" server="C:/wamp/www/MediLab/MediLab" local="130853896840000000" remote="130853896840000000" Dst="2" />
<file name="doctor.png" server="C:/wamp/www/MediLab/MediLab" local="130853959160000000" remote="130853959160000000" Dst="2" />
<file name="signbac.jpg" server="C:/wamp/www/MediLab/MediLab/" local="130782700200000000" remote="130782700200000000" Dst="0" />
<file name="logo.jpg" server="C:/wamp/www/MediLab/MediLab/" local="130837892360000000" remote="130837892360000000" Dst="2" />
<file name="logo1.jpg" server="C:/wamp/www/MediLab/MediLab/" local="130837896560000000" remote="130837896560000000" Dst="2" />
<file name="bac.jpg" server="C:/wamp/www/MediLab/MediLab/" local="130839231600000000" remote="130839231600000000" Dst="2" />
<file name="laba1.png" server="C:/wamp/www/MediLab/MediLab/" local="130853896840000000" remote="130853896840000000" Dst="2" />
<file name="new.png" server="C:/wamp/www/MediLab/MediLab/" local="130904884580000000" remote="130904884580000000" Dst="0" />
</dwsync>